company,domain,url,title
MASS MAILING,ERROR,,403 Client Error: Forbidden for url: https://www.googleapis.com/customsearch/v1?key=AIzaSyDeaUCqJzd9L0nx05vaGfqdqFT8ZlsmkxI&cx=635dae9faacd44ff4&q=MASS+MAILING+official+website&num=1
NEW YORK CITY TRANSIT AUTHORITY,ERROR,,403 Client Error: Forbidden for url: https://www.googleapis.com/customsearch/v1?key=AIzaSyDeaUCqJzd9L0nx05vaGfqdqFT8ZlsmkxI&cx=635dae9faacd44ff4&q=NEW+YORK+CITY+TRANSIT+AUTHORITY+official+website&num=1
NEW YORK PRINT COMPANY,ERROR,,403 Client Error: Forbidden for url: https://www.googleapis.com/customsearch/v1?key=AIzaSyDeaUCqJzd9L0nx05vaGfqdqFT8ZlsmkxI&cx=635dae9faacd44ff4&q=NEW+YORK+PRINT+COMPANY+official+website&num=1
NU EZ CUSTOM BINDERY,ERROR,,403 Client Error: Forbidden for url: https://www.googleapis.com/customsearch/v1?key=AIzaSyDeaUCqJzd9L0nx05vaGfqdqFT8ZlsmkxI&cx=635dae9faacd44ff4&q=NU+EZ+CUSTOM+BINDERY+official+website&num=1
PORT WASHINGTON SCHOOL DISTRICT,ERROR,,403 Client Error: Forbidden for url: https://www.googleapis.com/customsearch/v1?key=AIzaSyDeaUCqJzd9L0nx05vaGfqdqFT8ZlsmkxI&cx=635dae9faacd44ff4&q=PORT+WASHINGTON+SCHOOL+DISTRICT+official+website&num=1
ALLIED PRINTING SERVICES,ERROR,,403 Client Error: Forbidden for url: https://www.googleapis.com/customsearch/v1?key=AIzaSyDeaUCqJzd9L0nx05vaGfqdqFT8ZlsmkxI&cx=635dae9faacd44ff4&q=ALLIED+PRINTING+SERVICES+official+website&num=1
ACCURATE COMMUNICATIONS AND MAILING,ERROR,,403 Client Error: Forbidden for url: https://www.googleapis.com/customsearch/v1?key=AIzaSyDeaUCqJzd9L0nx05vaGfqdqFT8ZlsmkxI&cx=635dae9faacd44ff4&q=ACCURATE+COMMUNICATIONS+AND+MAILING+official+website&num=1
COLOR PRESS,ERROR,,403 Client Error: Forbidden for url: https://www.googleapis.com/customsearch/v1?key=AIzaSyDeaUCqJzd9L0nx05vaGfqdqFT8ZlsmkxI&cx=635dae9faacd44ff4&q=COLOR+PRESS+official+website&num=1
CORSO PRINTING,ERROR,,403 Client Error: Forbidden for url: https://www.googleapis.com/customsearch/v1?key=AIzaSyDeaUCqJzd9L0nx05vaGfqdqFT8ZlsmkxI&cx=635dae9faacd44ff4&q=CORSO+PRINTING+official+website&num=1
INTENIMANS BAKERY,ERROR,,403 Client Error: Forbidden for url: https://www.googleapis.com/customsearch/v1?key=AIzaSyDeaUCqJzd9L0nx05vaGfqdqFT8ZlsmkxI&cx=635dae9faacd44ff4&q=INTENIMANS+BAKERY+official+website&num=1
MAILHANDLERS MAILING,ERROR,,403 Client Error: Forbidden for url: https://www.googleapis.com/customsearch/v1?key=AIzaSyDeaUCqJzd9L0nx05vaGfqdqFT8ZlsmkxI&cx=635dae9faacd44ff4&q=MAILHANDLERS+MAILING+official+website&num=1
NORTH AMERICAN MAILERS SUPPLY,ERROR,,403 Client Error: Forbidden for url: https://www.googleapis.com/customsearch/v1?key=AIzaSyDeaUCqJzd9L0nx05vaGfqdqFT8ZlsmkxI&cx=635dae9faacd44ff4&q=NORTH+AMERICAN+MAILERS+SUPPLY+official+website&num=1
OMNISCNT,ERROR,,403 Client Error: Forbidden for url: https://www.googleapis.com/customsearch/v1?key=AIzaSyDeaUCqJzd9L0nx05vaGfqdqFT8ZlsmkxI&cx=635dae9faacd44ff4&q=OMNISCNT+official+website&num=1
SHOP USAGE,ERROR,,403 Client Error: Forbidden for url: https://www.googleapis.com/customsearch/v1?key=AIzaSyDeaUCqJzd9L0nx05vaGfqdqFT8ZlsmkxI&cx=635dae9faacd44ff4&q=SHOP+USAGE+official+website&num=1
UNKNOWN,ERROR,,403 Client Error: Forbidden for url: https://www.googleapis.com/customsearch/v1?key=AIzaSyDeaUCqJzd9L0nx05vaGfqdqFT8ZlsmkxI&cx=635dae9faacd44ff4&q=UNKNOWN+official+website&num=1
UNIQUE MACHINERY,ERROR,,403 Client Error: Forbidden for url: https://www.googleapis.com/customsearch/v1?key=AIzaSyDeaUCqJzd9L0nx05vaGfqdqFT8ZlsmkxI&cx=635dae9faacd44ff4&q=UNIQUE+MACHINERY+official+website&num=1
VERSATILE RESOURCES,ERROR,,403 Client Error: Forbidden for url: https://www.googleapis.com/customsearch/v1?key=AIzaSyDeaUCqJzd9L0nx05vaGfqdqFT8ZlsmkxI&cx=635dae9faacd44ff4&q=VERSATILE+RESOURCES+official+website&num=1
WORD PRO GROUP,ERROR,,403 Client Error: Forbidden for url: https://www.googleapis.com/customsearch/v1?key=AIzaSyDeaUCqJzd9L0nx05vaGfqdqFT8ZlsmkxI&cx=635dae9faacd44ff4&q=WORD+PRO+GROUP+official+website&num=1
ACCELERATED MAILING,ERROR,,403 Client Error: Forbidden for url: https://www.googleapis.com/customsearch/v1?key=AIzaSyDeaUCqJzd9L0nx05vaGfqdqFT8ZlsmkxI&cx=635dae9faacd44ff4&q=ACCELERATED+MAILING+official+website&num=1
CMC MACHINE CORP.,ERROR,,403 Client Error: Forbidden for url: https://www.googleapis.com/customsearch/v1?key=AIzaSyDeaUCqJzd9L0nx05vaGfqdqFT8ZlsmkxI&cx=635dae9faacd44ff4&q=CMC+MACHINE+CORP.+official+website&num=1
FIRST RATE MAILING,ERROR,,403 Client Error: Forbidden for url: https://www.googleapis.com/customsearch/v1?key=AIzaSyDeaUCqJzd9L0nx05vaGfqdqFT8ZlsmkxI&cx=635dae9faacd44ff4&q=FIRST+RATE+MAILING+official+website&num=1
FIVE STAR GRAPHICS,ERROR,,403 Client Error: Forbidden for url: https://www.googleapis.com/customsearch/v1?key=AIzaSyDeaUCqJzd9L0nx05vaGfqdqFT8ZlsmkxI&cx=635dae9faacd44ff4&q=FIVE+STAR+GRAPHICS+official+website&num=1
G3 WORLDWIDE USA,ERROR,,403 Client Error: Forbidden for url: https://www.googleapis.com/customsearch/v1?key=AIzaSyDeaUCqJzd9L0nx05vaGfqdqFT8ZlsmkxI&cx=635dae9faacd44ff4&q=G3+WORLDWIDE+USA+official+website&num=1
GLS COMPANIES,ERROR,,403 Client Error: Forbidden for url: https://www.googleapis.com/customsearch/v1?key=AIzaSyDeaUCqJzd9L0nx05vaGfqdqFT8ZlsmkxI&cx=635dae9faacd44ff4&q=GLS+COMPANIES+official+website&num=1
MID ATLANTIC GRAPHICS INC,ERROR,,403 Client Error: Forbidden for url: https://www.googleapis.com/customsearch/v1?key=AIzaSyDeaUCqJzd9L0nx05vaGfqdqFT8ZlsmkxI&cx=635dae9faacd44ff4&q=MID+ATLANTIC+GRAPHICS+INC+official+website&num=1
PNA PRINTING,ERROR,,403 Client Error: Forbidden for url: https://www.googleapis.com/customsearch/v1?key=AIzaSyDeaUCqJzd9L0nx05vaGfqdqFT8ZlsmkxI&cx=635dae9faacd44ff4&q=PNA+PRINTING+official+website&num=1
RPG OFFSET REPAIR,ERROR,,403 Client Error: Forbidden for url: https://www.googleapis.com/customsearch/v1?key=AIzaSyDeaUCqJzd9L0nx05vaGfqdqFT8ZlsmkxI&cx=635dae9faacd44ff4&q=RPG+OFFSET+REPAIR+official+website&num=1
SRM GRAPHICS,ERROR,,403 Client Error: Forbidden for url: https://www.googleapis.com/customsearch/v1?key=AIzaSyDeaUCqJzd9L0nx05vaGfqdqFT8ZlsmkxI&cx=635dae9faacd44ff4&q=SRM+GRAPHICS+official+website&num=1
SPRING/G3 WORLDWIDE (US),ERROR,,403 Client Error: Forbidden for url: https://www.googleapis.com/customsearch/v1?key=AIzaSyDeaUCqJzd9L0nx05vaGfqdqFT8ZlsmkxI&cx=635dae9faacd44ff4&q=SPRING%2FG3+WORLDWIDE+%28US%29+official+website&num=1
TIBONE,ERROR,,403 Client Error: Forbidden for url: https://www.googleapis.com/customsearch/v1?key=AIzaSyDeaUCqJzd9L0nx05vaGfqdqFT8ZlsmkxI&cx=635dae9faacd44ff4&q=TIBONE+official+website&num=1
VALUE LINE DISTRIBUTION,ERROR,,403 Client Error: Forbidden for url: https://www.googleapis.com/customsearch/v1?key=AIzaSyDeaUCqJzd9L0nx05vaGfqdqFT8ZlsmkxI&cx=635dae9faacd44ff4&q=VALUE+LINE+DISTRIBUTION+official+website&num=1
AMERICAN ADDRESSING & MAILING,ERROR,,403 Client Error: Forbidden for url: https://www.googleapis.com/customsearch/v1?key=AIzaSyDeaUCqJzd9L0nx05vaGfqdqFT8ZlsmkxI&cx=635dae9faacd44ff4&q=AMERICAN+ADDRESSING+%26+MAILING+official+website&num=1
PROFESSIONAL INCENTIVE & SUPPLY,ERROR,,403 Client Error: Forbidden for url: https://www.googleapis.com/customsearch/v1?key=AIzaSyDeaUCqJzd9L0nx05vaGfqdqFT8ZlsmkxI&cx=635dae9faacd44ff4&q=PROFESSIONAL+INCENTIVE+%26+SUPPLY+official+website&num=1
A1 PRINTING,ERROR,,403 Client Error: Forbidden for url: https://www.googleapis.com/customsearch/v1?key=AIzaSyDeaUCqJzd9L0nx05vaGfqdqFT8ZlsmkxI&cx=635dae9faacd44ff4&q=A1+PRINTING+official+website&num=1
ALL DIRECT MAIL SERVICES,ERROR,,403 Client Error: Forbidden for url: https://www.googleapis.com/customsearch/v1?key=AIzaSyDeaUCqJzd9L0nx05vaGfqdqFT8ZlsmkxI&cx=635dae9faacd44ff4&q=ALL+DIRECT+MAIL+SERVICES+official+website&num=1
BETTER STRAP,ERROR,,403 Client Error: Forbidden for url: https://www.googleapis.com/customsearch/v1?key=AIzaSyDeaUCqJzd9L0nx05vaGfqdqFT8ZlsmkxI&cx=635dae9faacd44ff4&q=BETTER+STRAP+official+website&num=1
BILL WAGNER & COMPANY,ERROR,,403 Client Error: Forbidden for url: https://www.googleapis.com/customsearch/v1?key=AIzaSyDeaUCqJzd9L0nx05vaGfqdqFT8ZlsmkxI&cx=635dae9faacd44ff4&q=BILL+WAGNER+%26+COMPANY+official+website&num=1
D AND C MAILING,ERROR,,403 Client Error: Forbidden for url: https://www.googleapis.com/customsearch/v1?key=AIzaSyDeaUCqJzd9L0nx05vaGfqdqFT8ZlsmkxI&cx=635dae9faacd44ff4&q=D+AND+C+MAILING+official+website&num=1
GLOBAL MAIL,ERROR,,403 Client Error: Forbidden for url: https://www.googleapis.com/customsearch/v1?key=AIzaSyDeaUCqJzd9L0nx05vaGfqdqFT8ZlsmkxI&cx=635dae9faacd44ff4&q=GLOBAL+MAIL+official+website&num=1
GOMEZ PACKAGING,ERROR,,403 Client Error: Forbidden for url: https://www.googleapis.com/customsearch/v1?key=AIzaSyDeaUCqJzd9L0nx05vaGfqdqFT8ZlsmkxI&cx=635dae9faacd44ff4&q=GOMEZ+PACKAGING+official+website&num=1
MAILFORCE & DATA,ERROR,,403 Client Error: Forbidden for url: https://www.googleapis.com/customsearch/v1?key=AIzaSyDeaUCqJzd9L0nx05vaGfqdqFT8ZlsmkxI&cx=635dae9faacd44ff4&q=MAILFORCE+%26+DATA+official+website&num=1
MAILWELL,ERROR,,403 Client Error: Forbidden for url: https://www.googleapis.com/customsearch/v1?key=AIzaSyDeaUCqJzd9L0nx05vaGfqdqFT8ZlsmkxI&cx=635dae9faacd44ff4&q=MAILWELL+official+website&num=1
MORRIS MAILING,ERROR,,403 Client Error: Forbidden for url: https://www.googleapis.com/customsearch/v1?key=AIzaSyDeaUCqJzd9L0nx05vaGfqdqFT8ZlsmkxI&cx=635dae9faacd44ff4&q=MORRIS+MAILING+official+website&num=1
MULTIPLE SYSTEMS,ERROR,,403 Client Error: Forbidden for url: https://www.googleapis.com/customsearch/v1?key=AIzaSyDeaUCqJzd9L0nx05vaGfqdqFT8ZlsmkxI&cx=635dae9faacd44ff4&q=MULTIPLE+SYSTEMS+official+website&num=1
NATIONAL PEN CORP.,ERROR,,403 Client Error: Forbidden for url: https://www.googleapis.com/customsearch/v1?key=AIzaSyDeaUCqJzd9L0nx05vaGfqdqFT8ZlsmkxI&cx=635dae9faacd44ff4&q=NATIONAL+PEN+CORP.+official+website&num=1
NORTHERN NEW YORK NEWSPAPERS CORP.,ERROR,,403 Client Error: Forbidden for url: https://www.googleapis.com/customsearch/v1?key=AIzaSyDeaUCqJzd9L0nx05vaGfqdqFT8ZlsmkxI&cx=635dae9faacd44ff4&q=NORTHERN+NEW+YORK+NEWSPAPERS+CORP.+official+website&num=1
OMEGA ORGANIZATION,ERROR,,403 Client Error: Forbidden for url: https://www.googleapis.com/customsearch/v1?key=AIzaSyDeaUCqJzd9L0nx05vaGfqdqFT8ZlsmkxI&cx=635dae9faacd44ff4&q=OMEGA+ORGANIZATION+official+website&num=1
PHOENIX ADDRESSING SVCF,ERROR,,403 Client Error: Forbidden for url: https://www.googleapis.com/customsearch/v1?key=AIzaSyDeaUCqJzd9L0nx05vaGfqdqFT8ZlsmkxI&cx=635dae9faacd44ff4&q=PHOENIX+ADDRESSING+SVCF+official+website&num=1
PRECISE PRINTING & MAILING SERVICES,ERROR,,403 Client Error: Forbidden for url: https://www.googleapis.com/customsearch/v1?key=AIzaSyDeaUCqJzd9L0nx05vaGfqdqFT8ZlsmkxI&cx=635dae9faacd44ff4&q=PRECISE+PRINTING+%26+MAILING+SERVICES+official+website&num=1
PRINTED COMMUNICATIONS SERVICE,ERROR,,403 Client Error: Forbidden for url: https://www.googleapis.com/customsearch/v1?key=AIzaSyDeaUCqJzd9L0nx05vaGfqdqFT8ZlsmkxI&cx=635dae9faacd44ff4&q=PRINTED+COMMUNICATIONS+SERVICE+official+website&num=1
PROFESSIONAL,ERROR,,403 Client Error: Forbidden for url: https://www.googleapis.com/customsearch/v1?key=AIzaSyDeaUCqJzd9L0nx05vaGfqdqFT8ZlsmkxI&cx=635dae9faacd44ff4&q=PROFESSIONAL+official+website&num=1
RONDCO PMI.,ERROR,,403 Client Error: Forbidden for url: https://www.googleapis.com/customsearch/v1?key=AIzaSyDeaUCqJzd9L0nx05vaGfqdqFT8ZlsmkxI&cx=635dae9faacd44ff4&q=RONDCO+PMI.+official+website&num=1
STOCK,ERROR,,403 Client Error: Forbidden for url: https://www.googleapis.com/customsearch/v1?key=AIzaSyDeaUCqJzd9L0nx05vaGfqdqFT8ZlsmkxI&cx=635dae9faacd44ff4&q=STOCK+official+website&num=1
TAGGART PRINTING CORP.,ERROR,,403 Client Error: Forbidden for url: https://www.googleapis.com/customsearch/v1?key=AIzaSyDeaUCqJzd9L0nx05vaGfqdqFT8ZlsmkxI&cx=635dae9faacd44ff4&q=TAGGART+PRINTING+CORP.+official+website&num=1
VAL SERVICE CORP.,ERROR,,403 Client Error: Forbidden for url: https://www.googleapis.com/customsearch/v1?key=AIzaSyDeaUCqJzd9L0nx05vaGfqdqFT8ZlsmkxI&cx=635dae9faacd44ff4&q=VAL+SERVICE+CORP.+official+website&num=1
WMP USA,ERROR,,403 Client Error: Forbidden for url: https://www.googleapis.com/customsearch/v1?key=AIzaSyDeaUCqJzd9L0nx05vaGfqdqFT8ZlsmkxI&cx=635dae9faacd44ff4&q=WMP+USA+official+website&num=1
ABS PACKAGING,ERROR,,403 Client Error: Forbidden for url: https://www.googleapis.com/customsearch/v1?key=AIzaSyDeaUCqJzd9L0nx05vaGfqdqFT8ZlsmkxI&cx=635dae9faacd44ff4&q=ABS+PACKAGING+official+website&num=1
BIRNBAUM PRINTING,ERROR,,403 Client Error: Forbidden for url: https://www.googleapis.com/customsearch/v1?key=AIzaSyDeaUCqJzd9L0nx05vaGfqdqFT8ZlsmkxI&cx=635dae9faacd44ff4&q=BIRNBAUM+PRINTING+official+website&num=1
C. C. R. ENTERPRISES,ERROR,,403 Client Error: Forbidden for url: https://www.googleapis.com/customsearch/v1?key=AIzaSyDeaUCqJzd9L0nx05vaGfqdqFT8ZlsmkxI&cx=635dae9faacd44ff4&q=C.+C.+R.+ENTERPRISES+official+website&num=1
COMMERCIAL MAILING EQUIPMENT,ERROR,,403 Client Error: Forbidden for url: https://www.googleapis.com/customsearch/v1?key=AIzaSyDeaUCqJzd9L0nx05vaGfqdqFT8ZlsmkxI&cx=635dae9faacd44ff4&q=COMMERCIAL+MAILING+EQUIPMENT+official+website&num=1
DATA MANAGEMENT,ERROR,,403 Client Error: Forbidden for url: https://www.googleapis.com/customsearch/v1?key=AIzaSyDeaUCqJzd9L0nx05vaGfqdqFT8ZlsmkxI&cx=635dae9faacd44ff4&q=DATA+MANAGEMENT+official+website&num=1
GARDEN CITY PRINTERS,ERROR,,403 Client Error: Forbidden for url: https://www.googleapis.com/customsearch/v1?key=AIzaSyDeaUCqJzd9L0nx05vaGfqdqFT8ZlsmkxI&cx=635dae9faacd44ff4&q=GARDEN+CITY+PRINTERS+official+website&num=1
GENERAL TRADEMARK,ERROR,,403 Client Error: Forbidden for url: https://www.googleapis.com/customsearch/v1?key=AIzaSyDeaUCqJzd9L0nx05vaGfqdqFT8ZlsmkxI&cx=635dae9faacd44ff4&q=GENERAL+TRADEMARK+official+website&num=1
GLEN COVE PRINTERY,ERROR,,403 Client Error: Forbidden for url: https://www.googleapis.com/customsearch/v1?key=AIzaSyDeaUCqJzd9L0nx05vaGfqdqFT8ZlsmkxI&cx=635dae9faacd44ff4&q=GLEN+COVE+PRINTERY+official+website&num=1
HOT STAMPING COMPANY,ERROR,,403 Client Error: Forbidden for url: https://www.googleapis.com/customsearch/v1?key=AIzaSyDeaUCqJzd9L0nx05vaGfqdqFT8ZlsmkxI&cx=635dae9faacd44ff4&q=HOT+STAMPING+COMPANY+official+website&num=1
ILI INDUSTRIES,ERROR,,403 Client Error: Forbidden for url: https://www.googleapis.com/customsearch/v1?key=AIzaSyDeaUCqJzd9L0nx05vaGfqdqFT8ZlsmkxI&cx=635dae9faacd44ff4&q=ILI+INDUSTRIES+official+website&num=1
NATIONAL FULFILLMENT SERVICES,ERROR,,403 Client Error: Forbidden for url: https://www.googleapis.com/customsearch/v1?key=AIzaSyDeaUCqJzd9L0nx05vaGfqdqFT8ZlsmkxI&cx=635dae9faacd44ff4&q=NATIONAL+FULFILLMENT+SERVICES+official+website&num=1
NORTHEAST GROUP COMPANY,ERROR,,403 Client Error: Forbidden for url: https://www.googleapis.com/customsearch/v1?key=AIzaSyDeaUCqJzd9L0nx05vaGfqdqFT8ZlsmkxI&cx=635dae9faacd44ff4&q=NORTHEAST+GROUP+COMPANY+official+website&num=1
PKG. FULFILLMENT,ERROR,,403 Client Error: Forbidden for url: https://www.googleapis.com/customsearch/v1?key=AIzaSyDeaUCqJzd9L0nx05vaGfqdqFT8ZlsmkxI&cx=635dae9faacd44ff4&q=PKG.+FULFILLMENT+official+website&num=1
PRO MAILING EQUIPMENT,ERROR,,403 Client Error: Forbidden for url: https://www.googleapis.com/customsearch/v1?key=AIzaSyDeaUCqJzd9L0nx05vaGfqdqFT8ZlsmkxI&cx=635dae9faacd44ff4&q=PRO+MAILING+EQUIPMENT+official+website&num=1
ROPER GRAPHICS & PIINNT,ERROR,,403 Client Error: Forbidden for url: https://www.googleapis.com/customsearch/v1?key=AIzaSyDeaUCqJzd9L0nx05vaGfqdqFT8ZlsmkxI&cx=635dae9faacd44ff4&q=ROPER+GRAPHICS+%26+PIINNT+official+website&num=1
TINTA INDUSTRIES,ERROR,,403 Client Error: Forbidden for url: https://www.googleapis.com/customsearch/v1?key=AIzaSyDeaUCqJzd9L0nx05vaGfqdqFT8ZlsmkxI&cx=635dae9faacd44ff4&q=TINTA+INDUSTRIES+official+website&num=1
WEST WING LITHO,ERROR,,403 Client Error: Forbidden for url: https://www.googleapis.com/customsearch/v1?key=AIzaSyDeaUCqJzd9L0nx05vaGfqdqFT8ZlsmkxI&cx=635dae9faacd44ff4&q=WEST+WING+LITHO+official+website&num=1
ABLE BINDERY,ERROR,,403 Client Error: Forbidden for url: https://www.googleapis.com/customsearch/v1?key=AIzaSyDeaUCqJzd9L0nx05vaGfqdqFT8ZlsmkxI&cx=635dae9faacd44ff4&q=ABLE+BINDERY+official+website&num=1
ANSWER OFFSET,ERROR,,403 Client Error: Forbidden for url: https://www.googleapis.com/customsearch/v1?key=AIzaSyDeaUCqJzd9L0nx05vaGfqdqFT8ZlsmkxI&cx=635dae9faacd44ff4&q=ANSWER+OFFSET+official+website&num=1
BRODT PRINTING,ERROR,,403 Client Error: Forbidden for url: https://www.googleapis.com/customsearch/v1?key=AIzaSyDeaUCqJzd9L0nx05vaGfqdqFT8ZlsmkxI&cx=635dae9faacd44ff4&q=BRODT+PRINTING+official+website&num=1
CITICAPITAL VENDOR FINANCE INC,ERROR,,403 Client Error: Forbidden for url: https://www.googleapis.com/customsearch/v1?key=AIzaSyDeaUCqJzd9L0nx05vaGfqdqFT8ZlsmkxI&cx=635dae9faacd44ff4&q=CITICAPITAL+VENDOR+FINANCE+INC+official+website&num=1
CYCOLOR,ERROR,,403 Client Error: Forbidden for url: https://www.googleapis.com/customsearch/v1?key=AIzaSyDeaUCqJzd9L0nx05vaGfqdqFT8ZlsmkxI&cx=635dae9faacd44ff4&q=CYCOLOR+official+website&num=1
DISTINCTIVE MAILING SERVICES,ERROR,,403 Client Error: Forbidden for url: https://www.googleapis.com/customsearch/v1?key=AIzaSyDeaUCqJzd9L0nx05vaGfqdqFT8ZlsmkxI&cx=635dae9faacd44ff4&q=DISTINCTIVE+MAILING+SERVICES+official+website&num=1
EXCELINE PRESS,ERROR,,403 Client Error: Forbidden for url: https://www.googleapis.com/customsearch/v1?key=AIzaSyDeaUCqJzd9L0nx05vaGfqdqFT8ZlsmkxI&cx=635dae9faacd44ff4&q=EXCELINE+PRESS+official+website&num=1
HAMBURG DISTRIBUTING CO.,ERROR,,403 Client Error: Forbidden for url: https://www.googleapis.com/customsearch/v1?key=AIzaSyDeaUCqJzd9L0nx05vaGfqdqFT8ZlsmkxI&cx=635dae9faacd44ff4&q=HAMBURG+DISTRIBUTING+CO.+official+website&num=1
IBM ASSOC.,ERROR,,403 Client Error: Forbidden for url: https://www.googleapis.com/customsearch/v1?key=AIzaSyDeaUCqJzd9L0nx05vaGfqdqFT8ZlsmkxI&cx=635dae9faacd44ff4&q=IBM+ASSOC.+official+website&num=1
JOHNNNY FLORES MAILING SYSTEMS,ERROR,,403 Client Error: Forbidden for url: https://www.googleapis.com/customsearch/v1?key=AIzaSyDeaUCqJzd9L0nx05vaGfqdqFT8ZlsmkxI&cx=635dae9faacd44ff4&q=JOHNNNY+FLORES+MAILING+SYSTEMS+official+website&num=1
JUDY'S MAILING SERVICE INC.,ERROR,,403 Client Error: Forbidden for url: https://www.googleapis.com/customsearch/v1?key=AIzaSyDeaUCqJzd9L0nx05vaGfqdqFT8ZlsmkxI&cx=635dae9faacd44ff4&q=JUDY%27S+MAILING+SERVICE+INC.+official+website&num=1
L P MAC ADAMS,ERROR,,403 Client Error: Forbidden for url: https://www.googleapis.com/customsearch/v1?key=AIzaSyDeaUCqJzd9L0nx05vaGfqdqFT8ZlsmkxI&cx=635dae9faacd44ff4&q=L+P+MAC+ADAMS+official+website&num=1
LONG ISLAND LITHOGRAPHERS,ERROR,,403 Client Error: Forbidden for url: https://www.googleapis.com/customsearch/v1?key=AIzaSyDeaUCqJzd9L0nx05vaGfqdqFT8ZlsmkxI&cx=635dae9faacd44ff4&q=LONG+ISLAND+LITHOGRAPHERS+official+website&num=1
MAIL-SORT,ERROR,,403 Client Error: Forbidden for url: https://www.googleapis.com/customsearch/v1?key=AIzaSyDeaUCqJzd9L0nx05vaGfqdqFT8ZlsmkxI&cx=635dae9faacd44ff4&q=MAIL-SORT+official+website&num=1
MAGGIO PARTNERS,ERROR,,403 Client Error: Forbidden for url: https://www.googleapis.com/customsearch/v1?key=AIzaSyDeaUCqJzd9L0nx05vaGfqdqFT8ZlsmkxI&cx=635dae9faacd44ff4&q=MAGGIO+PARTNERS+official+website&num=1
MAILING INSIGHT,ERROR,,403 Client Error: Forbidden for url: https://www.googleapis.com/customsearch/v1?key=AIzaSyDeaUCqJzd9L0nx05vaGfqdqFT8ZlsmkxI&cx=635dae9faacd44ff4&q=MAILING+INSIGHT+official+website&num=1
POSTMATIC,ERROR,,403 Client Error: Forbidden for url: https://www.googleapis.com/customsearch/v1?key=AIzaSyDeaUCqJzd9L0nx05vaGfqdqFT8ZlsmkxI&cx=635dae9faacd44ff4&q=POSTMATIC+official+website&num=1
PRESORT INC.,ERROR,,403 Client Error: Forbidden for url: https://www.googleapis.com/customsearch/v1?key=AIzaSyDeaUCqJzd9L0nx05vaGfqdqFT8ZlsmkxI&cx=635dae9faacd44ff4&q=PRESORT+INC.+official+website&num=1
PRESSURE SENSITIVE TAPE & LABEL,ERROR,,403 Client Error: Forbidden for url: https://www.googleapis.com/customsearch/v1?key=AIzaSyDeaUCqJzd9L0nx05vaGfqdqFT8ZlsmkxI&cx=635dae9faacd44ff4&q=PRESSURE+SENSITIVE+TAPE+%26+LABEL+official+website&num=1
ROBERT STACK,ERROR,,403 Client Error: Forbidden for url: https://www.googleapis.com/customsearch/v1?key=AIzaSyDeaUCqJzd9L0nx05vaGfqdqFT8ZlsmkxI&cx=635dae9faacd44ff4&q=ROBERT+STACK+official+website&num=1
ROMESSA ENTERPRISES,ERROR,,403 Client Error: Forbidden for url: https://www.googleapis.com/customsearch/v1?key=AIzaSyDeaUCqJzd9L0nx05vaGfqdqFT8ZlsmkxI&cx=635dae9faacd44ff4&q=ROMESSA+ENTERPRISES+official+website&num=1
SKY,ERROR,,403 Client Error: Forbidden for url: https://www.googleapis.com/customsearch/v1?key=AIzaSyDeaUCqJzd9L0nx05vaGfqdqFT8ZlsmkxI&cx=635dae9faacd44ff4&q=SKY+official+website&num=1
T A C BINDERY CO. INC.,ERROR,,403 Client Error: Forbidden for url: https://www.googleapis.com/customsearch/v1?key=AIzaSyDeaUCqJzd9L0nx05vaGfqdqFT8ZlsmkxI&cx=635dae9faacd44ff4&q=T+A+C+BINDERY+CO.+INC.+official+website&num=1
W & C PRINTING,ERROR,,403 Client Error: Forbidden for url: https://www.googleapis.com/customsearch/v1?key=AIzaSyDeaUCqJzd9L0nx05vaGfqdqFT8ZlsmkxI&cx=635dae9faacd44ff4&q=W+%26+C+PRINTING+official+website&num=1
JAJVIN POWER UNLIMITED,ERROR,,403 Client Error: Forbidden for url: https://www.googleapis.com/customsearch/v1?key=AIzaSyDeaUCqJzd9L0nx05vaGfqdqFT8ZlsmkxI&cx=635dae9faacd44ff4&q=JAJVIN+POWER+UNLIMITED+official+website&num=1
ADS ADVERTISING & MAILING SERVICES,ERROR,,403 Client Error: Forbidden for url: https://www.googleapis.com/customsearch/v1?key=AIzaSyDeaUCqJzd9L0nx05vaGfqdqFT8ZlsmkxI&cx=635dae9faacd44ff4&q=ADS+ADVERTISING+%26+MAILING+SERVICES+official+website&num=1
ALL O BINDERY CO. INC.,ERROR,,403 Client Error: Forbidden for url: https://www.googleapis.com/customsearch/v1?key=AIzaSyDeaUCqJzd9L0nx05vaGfqdqFT8ZlsmkxI&cx=635dae9faacd44ff4&q=ALL+O+BINDERY+CO.+INC.+official+website&num=1
CHARLES RIVER PUBLISHING INC.,ERROR,,403 Client Error: Forbidden for url: https://www.googleapis.com/customsearch/v1?key=AIzaSyDeaUCqJzd9L0nx05vaGfqdqFT8ZlsmkxI&cx=635dae9faacd44ff4&q=CHARLES+RIVER+PUBLISHING+INC.+official+website&num=1
DIRECT SELECT,ERROR,,403 Client Error: Forbidden for url: https://www.googleapis.com/customsearch/v1?key=AIzaSyDeaUCqJzd9L0nx05vaGfqdqFT8ZlsmkxI&cx=635dae9faacd44ff4&q=DIRECT+SELECT+official+website&num=1
EZ TEX,ERROR,,403 Client Error: Forbidden for url: https://www.googleapis.com/customsearch/v1?key=AIzaSyDeaUCqJzd9L0nx05vaGfqdqFT8ZlsmkxI&cx=635dae9faacd44ff4&q=EZ+TEX+official+website&num=1
MUZIODAN PUBLISHING CO,ERROR,,403 Client Error: Forbidden for url: https://www.googleapis.com/customsearch/v1?key=AIzaSyDeaUCqJzd9L0nx05vaGfqdqFT8ZlsmkxI&cx=635dae9faacd44ff4&q=MUZIODAN+PUBLISHING+CO+official+website&num=1
OMEGA WORLD,ERROR,,403 Client Error: Forbidden for url: https://www.googleapis.com/customsearch/v1?key=AIzaSyDeaUCqJzd9L0nx05vaGfqdqFT8ZlsmkxI&cx=635dae9faacd44ff4&q=OMEGA+WORLD+official+website&num=1
PADGETT PRINTING,ERROR,,403 Client Error: Forbidden for url: https://www.googleapis.com/customsearch/v1?key=AIzaSyDeaUCqJzd9L0nx05vaGfqdqFT8ZlsmkxI&cx=635dae9faacd44ff4&q=PADGETT+PRINTING+official+website&num=1
PAFFETTO'S PASTA,ERROR,,403 Client Error: Forbidden for url: https://www.googleapis.com/customsearch/v1?key=AIzaSyDeaUCqJzd9L0nx05vaGfqdqFT8ZlsmkxI&cx=635dae9faacd44ff4&q=PAFFETTO%27S+PASTA+official+website&num=1
REALESTATE MARKETING OF SOUTH FLORIDA,ERROR,,403 Client Error: Forbidden for url: https://www.googleapis.com/customsearch/v1?key=AIzaSyDeaUCqJzd9L0nx05vaGfqdqFT8ZlsmkxI&cx=635dae9faacd44ff4&q=REALESTATE+MARKETING+OF+SOUTH+FLORIDA+official+website&num=1
RR DONNELLEY-CALIF,ERROR,,403 Client Error: Forbidden for url: https://www.googleapis.com/customsearch/v1?key=AIzaSyDeaUCqJzd9L0nx05vaGfqdqFT8ZlsmkxI&cx=635dae9faacd44ff4&q=RR+DONNELLEY-CALIF+official+website&num=1
STELLAR PRINTING,ERROR,,403 Client Error: Forbidden for url: https://www.googleapis.com/customsearch/v1?key=AIzaSyDeaUCqJzd9L0nx05vaGfqdqFT8ZlsmkxI&cx=635dae9faacd44ff4&q=STELLAR+PRINTING+official+website&num=1
TARGET MEDIA GROUP,ERROR,,403 Client Error: Forbidden for url: https://www.googleapis.com/customsearch/v1?key=AIzaSyDeaUCqJzd9L0nx05vaGfqdqFT8ZlsmkxI&cx=635dae9faacd44ff4&q=TARGET+MEDIA+GROUP+official+website&num=1
THE WILLISTON POST CORP,ERROR,,403 Client Error: Forbidden for url: https://www.googleapis.com/customsearch/v1?key=AIzaSyDeaUCqJzd9L0nx05vaGfqdqFT8ZlsmkxI&cx=635dae9faacd44ff4&q=THE+WILLISTON+POST+CORP+official+website&num=1
TRIMONT OFFSET,ERROR,,403 Client Error: Forbidden for url: https://www.googleapis.com/customsearch/v1?key=AIzaSyDeaUCqJzd9L0nx05vaGfqdqFT8ZlsmkxI&cx=635dae9faacd44ff4&q=TRIMONT+OFFSET+official+website&num=1
UNITED STATES PUBLICATIONS SVCS,ERROR,,403 Client Error: Forbidden for url: https://www.googleapis.com/customsearch/v1?key=AIzaSyDeaUCqJzd9L0nx05vaGfqdqFT8ZlsmkxI&cx=635dae9faacd44ff4&q=UNITED+STATES+PUBLICATIONS+SVCS+official+website&num=1
A & M LITHO,ERROR,,403 Client Error: Forbidden for url: https://www.googleapis.com/customsearch/v1?key=AIzaSyDeaUCqJzd9L0nx05vaGfqdqFT8ZlsmkxI&cx=635dae9faacd44ff4&q=A+%26+M+LITHO+official+website&num=1
ADMASTER MAILERS,ERROR,,403 Client Error: Forbidden for url: https://www.googleapis.com/customsearch/v1?key=AIzaSyDeaUCqJzd9L0nx05vaGfqdqFT8ZlsmkxI&cx=635dae9faacd44ff4&q=ADMASTER+MAILERS+official+website&num=1
AUTOMATION MAILING CONSULTANTS,ERROR,,403 Client Error: Forbidden for url: https://www.googleapis.com/customsearch/v1?key=AIzaSyDeaUCqJzd9L0nx05vaGfqdqFT8ZlsmkxI&cx=635dae9faacd44ff4&q=AUTOMATION+MAILING+CONSULTANTS+official+website&num=1
MAILING MACHINE TECHNICS,ERROR,,403 Client Error: Forbidden for url: https://www.googleapis.com/customsearch/v1?key=AIzaSyDeaUCqJzd9L0nx05vaGfqdqFT8ZlsmkxI&cx=635dae9faacd44ff4&q=MAILING+MACHINE+TECHNICS+official+website&num=1
MAGGIO DATAFORMS,ERROR,,403 Client Error: Forbidden for url: https://www.googleapis.com/customsearch/v1?key=AIzaSyDeaUCqJzd9L0nx05vaGfqdqFT8ZlsmkxI&cx=635dae9faacd44ff4&q=MAGGIO+DATAFORMS+official+website&num=1
ADVANCED IMAGING TECHNOLOGIES,ERROR,,403 Client Error: Forbidden for url: https://www.googleapis.com/customsearch/v1?key=AIzaSyDeaUCqJzd9L0nx05vaGfqdqFT8ZlsmkxI&cx=635dae9faacd44ff4&q=ADVANCED+IMAGING+TECHNOLOGIES+official+website&num=1
PRINTING COMPANY,ERROR,,403 Client Error: Forbidden for url: https://www.googleapis.com/customsearch/v1?key=AIzaSyDeaUCqJzd9L0nx05vaGfqdqFT8ZlsmkxI&cx=635dae9faacd44ff4&q=PRINTING+COMPANY+official+website&num=1
AMERICAN MAILERS,ERROR,,403 Client Error: Forbidden for url: https://www.googleapis.com/customsearch/v1?key=AIzaSyDeaUCqJzd9L0nx05vaGfqdqFT8ZlsmkxI&cx=635dae9faacd44ff4&q=AMERICAN+MAILERS+official+website&num=1
COLOR GRAPHICS,ERROR,,403 Client Error: Forbidden for url: https://www.googleapis.com/customsearch/v1?key=AIzaSyDeaUCqJzd9L0nx05vaGfqdqFT8ZlsmkxI&cx=635dae9faacd44ff4&q=COLOR+GRAPHICS+official+website&num=1
TBC COLOR IMAGING,ERROR,,403 Client Error: Forbidden for url: https://www.googleapis.com/customsearch/v1?key=AIzaSyDeaUCqJzd9L0nx05vaGfqdqFT8ZlsmkxI&cx=635dae9faacd44ff4&q=TBC+COLOR+IMAGING+official+website&num=1
TRENTON GRAPHICS SERVICES CORP.,ERROR,,403 Client Error: Forbidden for url: https://www.googleapis.com/customsearch/v1?key=AIzaSyDeaUCqJzd9L0nx05vaGfqdqFT8ZlsmkxI&cx=635dae9faacd44ff4&q=TRENTON+GRAPHICS+SERVICES+CORP.+official+website&num=1
VALUE ADDED MAILING,ERROR,,403 Client Error: Forbidden for url: https://www.googleapis.com/customsearch/v1?key=AIzaSyDeaUCqJzd9L0nx05vaGfqdqFT8ZlsmkxI&cx=635dae9faacd44ff4&q=VALUE+ADDED+MAILING+official+website&num=1
